"month","job_country","total_postings","remote_postings"
"2022-12-01","United States","395","41"
"2022-12-01","South Africa","141","1"
"2022-12-01","India","139","6"
"2022-12-01","France","99","0"
"2022-12-01","Belgium","77","0"
"2022-12-01","Portugal","76","6"
"2022-12-01","Germany","73","4"
"2022-12-01","Denmark","63","0"
"2022-12-01","Netherlands","61","1"
"2022-12-01","United Arab Emirates","58","0"
"2022-12-01","United Kingdom","58","7"
"2022-12-01","Austria","55","1"
"2022-12-01","Canada","47","6"
"2022-12-01","Italy","42","0"
"2022-12-01","Argentina","42","0"
"2022-12-01","Mexico","40","2"
"2022-12-01","Czechia","39","0"
"2022-12-01","Switzerland","31","0"
"2022-12-01","Australia","29","2"
"2022-12-01","Sudan","29","5"
"2022-12-01","China","25","0"
"2022-12-01","Costa Rica","20","0"
"2022-12-01","Singapore","19","0"
"2022-12-01","Spain","18","0"
"2022-12-01","Ireland","17","0"
"2022-12-01","Poland","16","2"
"2022-12-01","Brazil","15","1"
"2022-12-01","Malaysia","15","0"
"2022-12-01","Hong Kong","13","0"
"2022-12-01","Sweden","12","0"
"2022-12-01","Chile","11","1"
"2022-12-01","Colombia","9","0"
"2022-12-01","Indonesia","9","0"
"2022-12-01","Romania","7","5"
"2022-12-01","Kenya","6","0"
"2022-12-01","Philippines","6","0"
"2022-12-01","Peru","6","0"
"2022-12-01","Puerto Rico","5","0"
"2022-12-01","Israel","5","0"
"2022-12-01","Hungary","5","2"
"2022-12-01","Greece","4","1"
"2022-12-01","Egypt","4","0"
"2022-12-01","Jordan","4","0"
"2022-12-01","Japan","3","0"
"2022-12-01","Thailand","3","0"
"2022-12-01","Slovakia","3","0"
"2022-12-01","Bulgaria","3","0"
"2022-12-01","Nigeria","3","0"
"2022-12-01","Russia","3","1"
"2022-12-01","Saudi Arabia","3","0"
"2022-12-01","Ukraine","3","1"
"2022-12-01","Ecuador","3","0"
"2022-12-01","South Korea","3","0"
"2022-12-01","Pakistan","2","0"
"2022-12-01","Qatar","2","0"
"2022-12-01","Morocco","2","0"
"2022-12-01","Lithuania","2","0"
"2022-12-01","Kuwait","2","0"
"2022-12-01","Finland","2","0"
"2022-12-01","Taiwan","1","0"
"2022-12-01","Dominican Republic","1","0"
"2022-12-01","Turkey","1","0"
"2022-12-01","New Zealand","1","0"
"2022-12-01","Panama","1","0"
"2022-12-01","Serbia","1","0"
"2022-12-01","Norway","1","0"
"2022-12-01","Vietnam","1","1"
"2023-01-01","United States","22839","2454"
"2023-01-01","India","5528","681"
"2023-01-01","France","4956","219"
"2023-01-01","United Kingdom","4817","398"
"2023-01-01","Spain","2957","353"
"2023-01-01","Germany","2709","127"
"2023-01-01","Netherlands","2381","108"
"2023-01-01","Singapore","2347","25"
"2023-01-01","Sudan","2260","416"
"2023-01-01","Canada","2248","403"
"2023-01-01","Poland","2126","222"
"2023-01-01","Portugal","1866","110"
"2023-01-01","South Africa","1839","54"
"2023-01-01","Switzerland","1797","40"
"2023-01-01","Philippines","1796","177"
"2023-01-01","Australia","1754","108"
"2023-01-01","Ireland","1721","102"
"2023-01-01","Italy","1630","52"
"2023-01-01","Belgium","1610","41"
"2023-01-01","Mexico","1582","132"
"2023-01-01","Austria","1377","47"
"2023-01-01","Hong Kong","1083","9"
"2023-01-01","Malaysia","1057","18"
"2023-01-01","Denmark","1037","46"
"2023-01-01","United Arab Emirates","980","15"
"2023-01-01","Argentina","871","70"
"2023-01-01","Israel","833","13"
"2023-01-01","Brazil","808","159"
"2023-01-01","Sweden","781","26"
"2023-01-01","Czechia","660","26"
"2023-01-01","Romania","612","92"
"2023-01-01","Colombia","549","10"
"2023-01-01","Thailand","515","12"
"2023-01-01","Chile","484","8"
"2023-01-01","Costa Rica","471","39"
"2023-01-01","Hungary","453","33"
"2023-01-01","Saudi Arabia","409","7"
"2023-01-01","Finland","394","26"
"2023-01-01","China","359","13"
"2023-01-01","Russia","357","91"
"2023-01-01","Indonesia","312","24"
"2023-01-01","Japan","312","39"
"2023-01-01","Kenya","304","5"
"2023-01-01","Pakistan","297","36"
"2023-01-01","Peru","280","31"
"2023-01-01","Jordan","267","2"
"2023-01-01","Ukraine","267","91"
"2023-01-01","Greece","253","24"
"2023-01-01","New Zealand","244","16"
"2023-01-01","South Korea","243","0"
"2023-01-01","Luxembourg","243","1"
"2023-01-01","Taiwan","232","9"
"2023-01-01","Norway","219","9"
"2023-01-01","Vietnam","215","23"
"2023-01-01","Lithuania","211","11"
"2023-01-01","Egypt","208","14"
"2023-01-01","Morocco","179","2"
"2023-01-01","Turkey","175","47"
"2023-01-01","Puerto Rico","171","16"
"2023-01-01","Bulgaria","164","36"
"2023-01-01","Uruguay","137","13"
"2023-01-01","Nigeria","129","8"
"2023-01-01","Qatar","117","1"
"2023-01-01","Malta","114","3"
"2023-01-01","Sri Lanka","101","11"
"2023-01-01","Slovakia","100","18"
"2023-01-01","Serbia","100","11"
"2023-01-01","Cyprus","98","11"
"2023-01-01","Kazakhstan","96","20"
"2023-01-01","Estonia","83","10"
"2023-01-01","Belarus","83","22"
"2023-01-01","Tunisia","72","3"
"2023-01-01","Panama","70","7"
"2023-01-01","Lebanon","69","6"
"2023-01-01","Ghana","65","3"
"2023-01-01","Namibia","61","0"
"2023-01-01","Uganda","61","2"
"2023-01-01","Kuwait","60","3"
"2023-01-01","Ecuador","52","9"
"2023-01-01","Guatemala","51","3"
"2023-01-01","Latvia","48","7"
"2023-01-01","Bahrain","42","0"
"2023-01-01","Croatia","41","2"
"2023-01-01","Uzbekistan","38","10"
"2023-01-01","Armenia","38","20"
"2023-01-01","Nepal","36","1"
"2023-01-01","Guam","35","9"
"2023-01-01","U.S. Virgin Islands","35","5"
"2023-01-01","Bangladesh","34","6"
"2023-01-01","Dominican Republic","34","6"
"2023-01-01","Moldova","34","1"
"2023-01-01","Oman","32","2"
"2023-01-01","El Salvador","31","7"
"2023-01-01","Mauritius","28","1"
"2023-01-01","Slovenia","25","6"
"2023-01-01","Nicaragua","20","8"
"2023-01-01","Honduras","19","13"
"2023-01-01","Macedonia (FYROM)","19","5"
"2023-01-01","Senegal","18","0"
"2023-01-01","Jamaica","15","0"
"2023-01-01","Algeria","15","2"
"2023-01-01","Liberia","14","7"
"2023-01-01","Ethiopia","14","3"
"2023-01-01","Cambodia","13","0"
"2023-01-01","Benin","13","0"
"2023-01-01","Venezuela","12","5"
"2023-01-01","Iraq","11","1"
"2023-01-01","Albania","11","2"
"2023-01-01","Trinidad and Tobago","11","0"
"2023-01-01","Azerbaijan","10","7"
"2023-01-01","Réunion","10","0"
"2023-01-01","Bolivia","10","5"
"2023-01-01","Zambia","9","0"
"2023-01-01","Côte d'Ivoire","8","0"
"2023-01-01","Iceland","8","0"
"2023-01-01","Bosnia and Herzegovina","7","3"
"2023-01-01","Kyrgyzstan","7","2"
"2023-01-01","Paraguay","6","3"
"2023-01-01","Zimbabwe","6","0"
"2023-01-01","Burkina Faso","5","0"
"2023-01-01","Afghanistan","5","2"
"2023-01-01","Libya","5","0"
"2023-01-01","Tanzania","5","2"
"2023-01-01","Cayman Islands","4","1"
"2023-01-01","Congo, Democratic Republic of the","4","1"
"2023-01-01","Mali","4","0"
"2023-01-01","Malawi","4","0"
"2023-01-01","Bahamas","4","0"
"2023-01-01","Myanmar","4","0"
"2023-01-01","Montenegro","3","2"
"2023-01-01","Gambia","3","0"
"2023-01-01","Guadeloupe","3","0"
"2023-01-01","Laos","2","0"
"2023-01-01","Mozambique","2","0"
"2023-01-01","Rwanda","2","0"
"2023-01-01","Papua New Guinea","2","2"
"2023-01-01","Haiti","2","0"
"2023-01-01","Guinea","2","0"
"2023-01-01","Angola","2","0"
"2023-01-01","Barbados","2","0"
"2023-01-01","Togo","2","0"
"2023-01-01","Tajikistan","1","0"
"2023-01-01","Suriname","1","0"
"2023-01-01","Somalia","1","0"
"2023-01-01","Brunei","1","0"
"2023-01-01","Cameroon","1","0"
"2023-01-01","Curaçao","1","0"
"2023-01-01","Botswana","1","0"
"2023-01-01","Yemen","1","0"
"2023-01-01","Madagascar","1","0"
"2023-01-01","Palestine","1","0"
"2023-02-01","United States","18044","1815"
"2023-02-01","France","4230","215"
"2023-02-01","India","3958","498"
"2023-02-01","United Kingdom","3639","335"
"2023-02-01","Germany","2425","105"
"2023-02-01","Spain","2055","210"
"2023-02-01","Sudan","1983","311"
"2023-02-01","Poland","1547","159"
"2023-02-01","Singapore","1484","21"
"2023-02-01","Netherlands","1342","50"
"2023-02-01","Italy","1302","64"
"2023-02-01","Canada","1253","214"
"2023-02-01","South Africa","1172","46"
"2023-02-01","Ireland","1144","68"
"2023-02-01","Switzerland","1111","15"
"2023-02-01","Portugal","1108","74"
"2023-02-01","Austria","1042","43"
"2023-02-01","Philippines","1010","90"
"2023-02-01","Mexico","964","63"
"2023-02-01","Australia","805","47"
"2023-02-01","Belgium","796","25"
"2023-02-01","Hong Kong","706","7"
"2023-02-01","Malaysia","649","12"
"2023-02-01","Denmark","606","13"
"2023-02-01","Sweden","549","20"
"2023-02-01","Israel","472","15"
"2023-02-01","United Arab Emirates","463","3"
"2023-02-01","Brazil","448","85"
"2023-02-01","Romania","378","92"
"2023-02-01","Argentina","362","60"
"2023-02-01","Colombia","362","13"
"2023-02-01","Czechia","321","13"
"2023-02-01","Chile","315","21"
"2023-02-01","Costa Rica","279","17"
"2023-02-01","Hungary","276","22"
"2023-02-01","Russia","273","49"
"2023-02-01","Thailand","251","9"
"2023-02-01","China","243","13"
"2023-02-01","Finland","242","18"
"2023-02-01","Saudi Arabia","228","3"
"2023-02-01","Peru","205","31"
"2023-02-01","Norway","196","7"
"2023-02-01","Luxembourg","195","3"
"2023-02-01","Indonesia","195","14"
"2023-02-01","Greece","188","15"
"2023-02-01","Pakistan","181","22"
"2023-02-01","Japan","179","16"
"2023-02-01","Kenya","177","5"
"2023-02-01","Ukraine","176","58"
"2023-02-01","Egypt","166","12"
"2023-02-01","Lithuania","141","11"
"2023-02-01","Vietnam","140","6"
"2023-02-01","Taiwan","126","12"
"2023-02-01","South Korea","123","0"
"2023-02-01","Bulgaria","122","23"
"2023-02-01","Nigeria","111","3"
"2023-02-01","New Zealand","108","11"
"2023-02-01","Jordan","102","0"
"2023-02-01","Turkey","102","24"
"2023-02-01","Slovakia","101","9"
"2023-02-01","Morocco","98","3"
"2023-02-01","Qatar","83","0"
"2023-02-01","Puerto Rico","79","5"
"2023-02-01","Serbia","76","11"
"2023-02-01","Malta","73","6"
"2023-02-01","Tunisia","71","2"
"2023-02-01","Estonia","69","8"
"2023-02-01","Kazakhstan","60","22"
"2023-02-01","Sri Lanka","56","12"
"2023-02-01","Uruguay","55","7"
"2023-02-01","Cyprus","55","8"
"2023-02-01","Ghana","49","2"
"2023-02-01","Panama","45","4"
"2023-02-01","Namibia","44","0"
"2023-02-01","Belarus","42","8"
"2023-02-01","Kuwait","42","0"
"2023-02-01","Croatia","37","12"
"2023-02-01","Armenia","34","19"
"2023-02-01","Latvia","32","3"
"2023-02-01","Lebanon","31","1"
"2023-02-01","Oman","28","1"
"2023-02-01","Guatemala","28","3"
"2023-02-01","Bahrain","27","0"
"2023-02-01","Uganda","27","1"
"2023-02-01","Guam","24","7"
"2023-02-01","Slovenia","24","1"
"2023-02-01","Mauritius","23","2"
"2023-02-01","Ecuador","23","7"
"2023-02-01","Bangladesh","23","6"
"2023-02-01","Uzbekistan","23","16"
"2023-02-01","Dominican Republic","19","4"
"2023-02-01","U.S. Virgin Islands","18","1"
"2023-02-01","Ethiopia","16","0"
"2023-02-01","Jamaica","16","1"
"2023-02-01","Senegal","14","1"
"2023-02-01","Iraq","14","0"
"2023-02-01","Moldova","14","0"
"2023-02-01","Nicaragua","13","2"
"2023-02-01","Azerbaijan","13","3"
"2023-02-01","Algeria","12","2"
"2023-02-01","Nepal","11","0"
"2023-02-01","Benin","10","0"
"2023-02-01","Albania","9","1"
"2023-02-01","Zimbabwe","9","0"
"2023-02-01","Côte d'Ivoire","8","0"
"2023-02-01","Macedonia (FYROM)","7","3"
"2023-02-01","Cambodia","7","1"
"2023-02-01","Réunion","6","2"
"2023-02-01","Venezuela","6","3"
"2023-02-01","Honduras","5","1"
"2023-02-01","Paraguay","5","3"
"2023-02-01","Bosnia and Herzegovina","5","0"
"2023-02-01","Botswana","5","0"
"2023-02-01","Tanzania","4","0"
"2023-02-01","Congo, Democratic Republic of the","4","0"
"2023-02-01","Bahamas","4","0"
"2023-02-01","Zambia","4","0"
"2023-02-01","Haiti","3","0"
"2023-02-01","Libya","3","0"
"2023-02-01","Cameroon","3","0"
"2023-02-01","Liberia","3","0"
"2023-02-01","Palestine","3","0"
"2023-02-01","Trinidad and Tobago","3","0"
"2023-02-01","Rwanda","3","0"
"2023-02-01","El Salvador","3","1"
"2023-02-01","Yemen","3","0"
"2023-02-01","Iceland","2","0"
"2023-02-01","Tajikistan","2","0"
"2023-02-01","Myanmar","2","0"
"2023-02-01","Suriname","2","0"
"2023-02-01","Mongolia","2","1"
"2023-02-01","Barbados","2","0"
"2023-02-01","Kyrgyzstan","2","0"
"2023-02-01","Somalia","1","0"
"2023-02-01","Madagascar","1","0"
"2023-02-01","Togo","1","0"
"2023-02-01","Laos","1","0"
"2023-02-01","Fiji","1","0"
"2023-02-01","Cayman Islands","1","0"
"2023-02-01","Brunei","1","0"
"2023-02-01","","1","0"
"2023-02-01","Montenegro","1","0"
"2023-03-01","United States","17871","1972"
"2023-03-01","France","4212","207"
"2023-03-01","India","4030","453"
"2023-03-01","United Kingdom","2745","251"
"2023-03-01","Germany","2153","69"
"2023-03-01","Singapore","2022","38"
"2023-03-01","Sudan","1994","333"
"2023-03-01","Spain","1742","221"
"2023-03-01","Netherlands","1692","61"
"2023-03-01","Poland","1613","184"
"2023-03-01","Canada","1368","249"
"2023-03-01","Italy","1119","56"
"2023-03-01","Belgium","1110","30"
"2023-03-01","Ireland","1085","58"
"2023-03-01","Portugal","1070","73"
"2023-03-01","Australia","1010","50"
"2023-03-01","South Africa","1000","38"
"2023-03-01","Switzerland","977","11"
"2023-03-01","Mexico","950","78"
"2023-03-01","Philippines","927","134"
"2023-03-01","Malaysia","792","17"
"2023-03-01","Austria","761","25"
"2023-03-01","Hong Kong","689","9"
"2023-03-01","Denmark","668","26"
"2023-03-01","Brazil","534","113"
"2023-03-01","Israel","469","14"
"2023-03-01","Argentina","469","77"
"2023-03-01","Sweden","442","30"
"2023-03-01","Chile","437","29"
"2023-03-01","United Arab Emirates","411","13"
"2023-03-01","Czechia","392","13"
"2023-03-01","Romania","323","64"
"2023-03-01","Colombia","318","12"
"2023-03-01","Finland","312","18"
"2023-03-01","Thailand","304","13"
"2023-03-01","Costa Rica","262","15"
"2023-03-01","Russia","234","39"
"2023-03-01","Peru","233","28"
"2023-03-01","Hungary","226","21"
"2023-03-01","China","222","11"
"2023-03-01","Greece","220","24"
"2023-03-01","Saudi Arabia","213","2"
"2023-03-01","Indonesia","206","20"
"2023-03-01","Pakistan","201","16"
"2023-03-01","Kenya","191","4"
"2023-03-01","Japan","188","16"
"2023-03-01","Lithuania","181","14"
"2023-03-01","South Korea","163","2"
"2023-03-01","Norway","150","5"
"2023-03-01","Ukraine","144","37"
"2023-03-01","Vietnam","140","16"
"2023-03-01","Egypt","139","14"
"2023-03-01","Morocco","136","1"
"2023-03-01","Luxembourg","132","6"
"2023-03-01","Turkey","131","31"
"2023-03-01","Bulgaria","126","33"
"2023-03-01","Taiwan","120","10"
"2023-03-01","Serbia","119","12"
"2023-03-01","New Zealand","116","10"
"2023-03-01","Slovakia","110","12"
"2023-03-01","Puerto Rico","110","9"
"2023-03-01","Qatar","104","0"
"2023-03-01","Nigeria","91","4"
"2023-03-01","Tunisia","88","6"
"2023-03-01","Sri Lanka","86","12"
"2023-03-01","Cyprus","81","4"
"2023-03-01","Estonia","67","15"
"2023-03-01","Malta","66","5"
"2023-03-01","Uzbekistan","61","29"
"2023-03-01","Namibia","57","1"
"2023-03-01","Kazakhstan","57","21"
"2023-03-01","Belarus","53","12"
"2023-03-01","Uruguay","51","2"
"2023-03-01","Jordan","46","2"
"2023-03-01","Latvia","45","13"
"2023-03-01","Ecuador","44","3"
"2023-03-01","Lebanon","41","7"
"2023-03-01","Uganda","40","1"
"2023-03-01","Croatia","39","10"
"2023-03-01","Guatemala","37","2"
"2023-03-01","Armenia","36","25"
"2023-03-01","Panama","35","2"
"2023-03-01","Slovenia","33","5"
"2023-03-01","Kuwait","31","0"
"2023-03-01","Ghana","27","1"
"2023-03-01","Oman","23","0"
"2023-03-01","Nepal","23","2"
"2023-03-01","Moldova","22","2"
"2023-03-01","Dominican Republic","21","8"
"2023-03-01","U.S. Virgin Islands","18","2"
"2023-03-01","Mauritius","18","0"
"2023-03-01","Bahrain","18","0"
"2023-03-01","Bangladesh","17","6"
"2023-03-01","Macedonia (FYROM)","16","6"
"2023-03-01","Algeria","16","0"
"2023-03-01","Senegal","13","2"
"2023-03-01","Zambia","11","0"
"2023-03-01","Cambodia","11","0"
"2023-03-01","Ethiopia","11","0"
"2023-03-01","Iraq","11","0"
"2023-03-01","Jamaica","10","0"
"2023-03-01","Albania","10","1"
"2023-03-01","Bahamas","9","0"
"2023-03-01","Mongolia","9","0"
"2023-03-01","Guam","9","0"
"2023-03-01","Réunion","8","0"
"2023-03-01","Côte d'Ivoire","7","0"
"2023-03-01","Congo, Democratic Republic of the","7","0"
"2023-03-01","Zimbabwe","6","1"
"2023-03-01","Burkina Faso","5","0"
"2023-03-01","Paraguay","5","3"
"2023-03-01","","5","1"
"2023-03-01","Rwanda","5","1"
"2023-03-01","Nicaragua","5","1"
"2023-03-01","El Salvador","5","0"
"2023-03-01","Azerbaijan","5","1"
"2023-03-01","Malawi","4","0"
"2023-03-01","Tajikistan","3","1"
"2023-03-01","Afghanistan","3","1"
"2023-03-01","Cayman Islands","3","0"
"2023-03-01","Cameroon","3","1"
"2023-03-01","Botswana","3","0"
"2023-03-01","Bosnia and Herzegovina","3","1"
"2023-03-01","Tanzania","3","0"
"2023-03-01","Myanmar","3","0"
"2023-03-01","Bolivia","3","1"
"2023-03-01","Montenegro","3","0"
"2023-03-01","Trinidad and Tobago","2","0"
"2023-03-01","Liberia","2","2"
"2023-03-01","Honduras","2","1"
"2023-03-01","Iceland","2","0"
"2023-03-01","Venezuela","2","0"
"2023-03-01","Papua New Guinea","2","0"
"2023-03-01","Madagascar","2","0"
"2023-03-01","Fiji","2","0"
"2023-03-01","Togo","1","0"
"2023-03-01","Barbados","1","0"
"2023-03-01","Somalia","1","0"
"2023-03-01","Palestine","1","0"
"2023-03-01","Benin","1","0"
"2023-03-01","Suriname","1","0"
"2023-03-01","Kyrgyzstan","1","0"
"2023-03-01","Angola","1","0"
"2023-03-01","Guadeloupe","1","0"
"2023-04-01","United States","17321","1718"
"2023-04-01","India","4001","392"
"2023-04-01","France","3857","123"
"2023-04-01","Singapore","2221","13"
"2023-04-01","United Kingdom","2099","126"
"2023-04-01","Germany","1931","65"
"2023-04-01","Sudan","1905","296"
"2023-04-01","Netherlands","1789","50"
"2023-04-01","Spain","1750","185"
"2023-04-01","Poland","1472","120"
"2023-04-01","Canada","1465","252"
"2023-04-01","Italy","1185","73"
"2023-04-01","Portugal","1175","71"
"2023-04-01","South Africa","1163","27"
"2023-04-01","Belgium","1128","20"
"2023-04-01","Ireland","1053","71"
"2023-04-01","Chile","1010","24"
"2023-04-01","Australia","988","45"
"2023-04-01","Philippines","957","124"
"2023-04-01","Mexico","915","80"
"2023-04-01","Switzerland","900","31"
"2023-04-01","Malaysia","836","13"
"2023-04-01","Hong Kong","777","8"
"2023-04-01","Austria","655","17"
"2023-04-01","Denmark","626","16"
"2023-04-01","Argentina","545","43"
"2023-04-01","Sweden","531","17"
"2023-04-01","Brazil","515","94"
"2023-04-01","Czechia","467","16"
"2023-04-01","Israel","464","10"
"2023-04-01","United Arab Emirates","361","3"
"2023-04-01","Colombia","339","5"
"2023-04-01","Russia","334","86"
"2023-04-01","Romania","285","57"
"2023-04-01","Costa Rica","285","24"
"2023-04-01","Finland","280","18"
"2023-04-01","Saudi Arabia","272","1"
"2023-04-01","Thailand","242","9"
"2023-04-01","China","217","10"
"2023-04-01","Hungary","215","10"
"2023-04-01","Kenya","174","0"
"2023-04-01","Vietnam","170","13"
"2023-04-01","Greece","170","18"
"2023-04-01","Luxembourg","169","3"
"2023-04-01","Lithuania","160","4"
"2023-04-01","Peru","152","27"
"2023-04-01","Japan","150","10"
"2023-04-01","New Zealand","144","7"
"2023-04-01","Indonesia","141","8"
"2023-04-01","Norway","140","5"
"2023-04-01","Puerto Rico","139","6"
"2023-04-01","Pakistan","129","15"
"2023-04-01","Ukraine","127","33"
"2023-04-01","South Korea","124","1"
"2023-04-01","Turkey","120","28"
"2023-04-01","Qatar","118","0"
"2023-04-01","Egypt","113","8"
"2023-04-01","Taiwan","113","9"
"2023-04-01","Bulgaria","107","24"
"2023-04-01","Nigeria","98","5"
"2023-04-01","Morocco","94","1"
"2023-04-01","Ecuador","91","3"
"2023-04-01","Serbia","89","6"
"2023-04-01","Cyprus","76","9"
"2023-04-01","Slovakia","76","8"
"2023-04-01","Tunisia","71","4"
"2023-04-01","Malta","62","2"
"2023-04-01","Panama","62","0"
"2023-04-01","Latvia","53","2"
"2023-04-01","Uruguay","51","6"
"2023-04-01","Namibia","51","0"
"2023-04-01","Belarus","51","8"
"2023-04-01","Estonia","50","9"
"2023-04-01","Sri Lanka","49","7"
"2023-04-01","Jordan","44","5"
"2023-04-01","Kazakhstan","42","6"
"2023-04-01","Lebanon","38","1"
"2023-04-01","Croatia","34","10"
"2023-04-01","Uzbekistan","29","6"
"2023-04-01","Kuwait","28","0"
"2023-04-01","Uganda","26","3"
"2023-04-01","Ghana","25","2"
"2023-04-01","Guatemala","23","3"
"2023-04-01","Nepal","21","2"
"2023-04-01","Bahrain","19","0"
"2023-04-01","Oman","18","3"
"2023-04-01","Slovenia","18","2"
"2023-04-01","Dominican Republic","17","3"
"2023-04-01","Jamaica","17","1"
"2023-04-01","Armenia","17","5"
"2023-04-01","Mauritius","16","1"
"2023-04-01","Moldova","14","2"
"2023-04-01","Iraq","13","0"
"2023-04-01","Bangladesh","13","3"
"2023-04-01","Albania","12","1"
"2023-04-01","Guam","12","1"
"2023-04-01","Zambia","12","1"
"2023-04-01","U.S. Virgin Islands","10","2"
"2023-04-01","","9","0"
"2023-04-01","Macedonia (FYROM)","9","4"
"2023-04-01","Kyrgyzstan","8","0"
"2023-04-01","Senegal","8","0"
"2023-04-01","Bahamas","8","1"
"2023-04-01","Algeria","6","0"
"2023-04-01","Congo, Democratic Republic of the","6","1"
"2023-04-01","El Salvador","6","3"
"2023-04-01","Malawi","6","1"
"2023-04-01","Iceland","6","0"
"2023-04-01","Myanmar","6","1"
"2023-04-01","Azerbaijan","5","2"
"2023-04-01","Réunion","5","0"
"2023-04-01","Paraguay","4","1"
"2023-04-01","Trinidad and Tobago","4","0"
"2023-04-01","Venezuela","4","2"
"2023-04-01","Nicaragua","4","0"
"2023-04-01","Mongolia","4","0"
"2023-04-01","Rwanda","4","1"
"2023-04-01","Montenegro","4","1"
"2023-04-01","Côte d'Ivoire","4","0"
"2023-04-01","Ethiopia","4","0"
"2023-04-01","Bosnia and Herzegovina","4","2"
"2023-04-01","Cambodia","3","0"
"2023-04-01","Afghanistan","3","0"
"2023-04-01","Zimbabwe","3","0"
"2023-04-01","Togo","3","0"
"2023-04-01","Tanzania","3","2"
"2023-04-01","Suriname","3","2"
"2023-04-01","Honduras","3","0"
"2023-04-01","Bolivia","3","1"
"2023-04-01","Barbados","3","0"
"2023-04-01","Libya","2","0"
"2023-04-01","Palestine","2","0"
"2023-04-01","Djibouti","2","0"
"2023-04-01","Brunei","2","0"
"2023-04-01","Botswana","2","0"
"2023-04-01","Tajikistan","2","1"
"2023-04-01","Mozambique","2","0"
"2023-04-01","Guadeloupe","1","1"
"2023-04-01","Burkina Faso","1","0"
"2023-04-01","Madagascar","1","0"
"2023-04-01","Fiji","1","0"
"2023-04-01","Maldives","1","0"
"2023-04-01","Guyana","1","1"
"2023-04-01","Mauritania","1","0"
"2023-04-01","Mali","1","0"
"2023-04-01","Cameroon","1","0"
"2023-04-01","Haiti","1","0"
"2023-04-01","Bhutan","1","0"
"2023-04-01","Guinea","1","0"
"2023-04-01","Northern Mariana Islands","1","0"
"2023-05-01","United States","15431","1713"
"2023-05-01","India","3266","374"
"2023-05-01","France","3111","106"
"2023-05-01","United Kingdom","2221","120"
"2023-05-01","Sudan","1735","306"
"2023-05-01","Spain","1642","193"
"2023-05-01","Singapore","1612","18"
"2023-05-01","Germany","1574","70"
"2023-05-01","Netherlands","1544","62"
"2023-05-01","Canada","1175","197"
"2023-05-01","Poland","1022","123"
"2023-05-01","Italy","886","65"
"2023-05-01","Portugal","863","72"
"2023-05-01","Mexico","831","100"
"2023-05-01","South Africa","827","37"
"2023-05-01","Belgium","822","25"
"2023-05-01","Ireland","802","72"
"2023-05-01","Malaysia","756","12"
"2023-05-01","Philippines","731","117"
"2023-05-01","Australia","681","42"
"2023-05-01","Switzerland","644","18"
"2023-05-01","Denmark","565","18"
"2023-05-01","Hong Kong","565","11"
"2023-05-01","Chile","478","19"
"2023-05-01","Austria","446","18"
"2023-05-01","Colombia","426","2"
"2023-05-01","Czechia","405","10"
"2023-05-01","Israel","404","15"
"2023-05-01","Brazil","396","108"
"2023-05-01","Sweden","376","11"
"2023-05-01","United Arab Emirates","314","7"
"2023-05-01","Argentina","309","43"
"2023-05-01","Romania","246","60"
"2023-05-01","Costa Rica","241","18"
"2023-05-01","Saudi Arabia","231","3"
"2023-05-01","Russia","223","51"
"2023-05-01","Thailand","210","9"
"2023-05-01","Greece","205","20"
"2023-05-01","Finland","201","13"
"2023-05-01","Hungary","192","15"
"2023-05-01","Indonesia","182","16"
"2023-05-01","New Zealand","137","11"
"2023-05-01","Ukraine","135","44"
"2023-05-01","Luxembourg","131","5"
"2023-05-01","Japan","130","8"
"2023-05-01","China","129","5"
"2023-05-01","South Korea","129","3"
"2023-05-01","Norway","124","8"
"2023-05-01","Peru","119","31"
"2023-05-01","Pakistan","119","24"
"2023-05-01","Vietnam","112","8"
"2023-05-01","Egypt","112","8"
"2023-05-01","Lithuania","107","14"
"2023-05-01","Kenya","107","1"
"2023-05-01","Taiwan","105","5"
"2023-05-01","Puerto Rico","104","5"
"2023-05-01","Bulgaria","103","17"
"2023-05-01","Turkey","101","30"
"2023-05-01","Morocco","80","5"
"2023-05-01","Malta","77","2"
"2023-05-01","Serbia","74","13"
"2023-05-01","Sri Lanka","69","7"
"2023-05-01","Nigeria","66","4"
"2023-05-01","Slovakia","63","11"
"2023-05-01","Ecuador","58","8"
"2023-05-01","Kazakhstan","53","17"
"2023-05-01","Qatar","50","3"
"2023-05-01","Tunisia","49","8"
"2023-05-01","Cyprus","47","4"
"2023-05-01","Uruguay","41","9"
"2023-05-01","Panama","39","1"
"2023-05-01","Lebanon","35","3"
"2023-05-01","Belarus","34","5"
"2023-05-01","Namibia","32","1"
"2023-05-01","Latvia","29","15"
"2023-05-01","Kuwait","26","0"
"2023-05-01","Bangladesh","26","8"
"2023-05-01","Croatia","25","7"
"2023-05-01","Jordan","23","4"
"2023-05-01","Uganda","22","0"
"2023-05-01","Estonia","21","5"
"2023-05-01","Nepal","20","2"
"2023-05-01","Armenia","19","6"
"2023-05-01","Ghana","18","3"
"2023-05-01","Moldova","17","0"
"2023-05-01","Jamaica","16","0"
"2023-05-01","Uzbekistan","16","9"
"2023-05-01","Dominican Republic","15","3"
"2023-05-01","Bahamas","14","0"
"2023-05-01","Macedonia (FYROM)","14","7"
"2023-05-01","Oman","14","0"
"2023-05-01","Mauritius","13","0"
"2023-05-01","U.S. Virgin Islands","11","1"
"2023-05-01","Senegal","10","0"
"2023-05-01","Nicaragua","10","1"
"2023-05-01","Guam","10","0"
"2023-05-01","Zambia","10","0"
"2023-05-01","Albania","9","1"
"2023-05-01","Bahrain","9","0"
"2023-05-01","Guatemala","9","0"
"2023-05-01","Ethiopia","8","1"
"2023-05-01","Slovenia","8","1"
"2023-05-01","Kyrgyzstan","8","6"
"2023-05-01","Zimbabwe","8","0"
"2023-05-01","Honduras","7","1"
"2023-05-01","Azerbaijan","7","0"
"2023-05-01","","6","1"
"2023-05-01","Tanzania","6","0"
"2023-05-01","Iraq","6","0"
"2023-05-01","Montenegro","6","5"
"2023-05-01","Cambodia","5","0"
"2023-05-01","Congo, Democratic Republic of the","5","0"
"2023-05-01","Botswana","5","0"
"2023-05-01","Myanmar","5","1"
"2023-05-01","Algeria","5","0"
"2023-05-01","El Salvador","4","0"
"2023-05-01","Réunion","4","0"
"2023-05-01","Côte d'Ivoire","4","0"
"2023-05-01","Paraguay","4","0"
"2023-05-01","Benin","3","0"
"2023-05-01","Trinidad and Tobago","3","0"
"2023-05-01","Mongolia","3","0"
"2023-05-01","Cameroon","2","1"
"2023-05-01","Rwanda","2","1"
"2023-05-01","Mali","2","0"
"2023-05-01","Malawi","2","0"
"2023-05-01","Libya","2","0"
"2023-05-01","Liberia","2","0"
"2023-05-01","Venezuela","2","2"
"2023-05-01","Barbados","1","0"
"2023-05-01","Bolivia","1","0"
"2023-05-01","Brunei","1","0"
"2023-05-01","Burkina Faso","1","0"
"2023-05-01","Iceland","1","1"
"2023-05-01","Cayman Islands","1","0"
"2023-05-01","Fiji","1","0"
"2023-05-01","Togo","1","0"
"2023-05-01","Northern Mariana Islands","1","0"
"2023-05-01","Laos","1","0"
"2023-05-01","Tajikistan","1","0"
"2023-05-01","Madagascar","1","0"
"2023-05-01","Angola","1","0"
"2023-06-01","United States","16711","1928"
"2023-06-01","India","4179","435"
"2023-06-01","France","3406","147"
"2023-06-01","United Kingdom","2807","239"
"2023-06-01","Singapore","1984","18"
"2023-06-01","Germany","1892","87"
"2023-06-01","Sudan","1733","301"
"2023-06-01","Netherlands","1697","76"
"2023-06-01","Spain","1551","250"
"2023-06-01","Italy","1409","82"
"2023-06-01","Portugal","1289","73"
"2023-06-01","Mexico","1274","140"
"2023-06-01","Canada","1241","205"
"2023-06-01","South Africa","1121","36"
"2023-06-01","Poland","1003","131"
"2023-06-01","Ireland","1003","92"
"2023-06-01","Belgium","956","33"
"2023-06-01","Philippines","913","122"
"2023-06-01","Malaysia","835","13"
"2023-06-01","Switzerland","822","25"
"2023-06-01","Hong Kong","740","4"
"2023-06-01","Australia","740","51"
"2023-06-01","Costa Rica","735","32"
"2023-06-01","Austria","640","26"
"2023-06-01","Colombia","638","4"
"2023-06-01","Denmark","630","16"
"2023-06-01","United Arab Emirates","578","11"
"2023-06-01","Brazil","558","137"
"2023-06-01","Argentina","474","86"
"2023-06-01","Chile","473","18"
"2023-06-01","Sweden","406","14"
"2023-06-01","Israel","397","17"
"2023-06-01","Czechia","329","10"
"2023-06-01","Saudi Arabia","316","2"
"2023-06-01","Romania","290","55"
"2023-06-01","Russia","271","65"
"2023-06-01","Thailand","255","9"
"2023-06-01","Peru","243","27"
"2023-06-01","South Korea","206","5"
"2023-06-01","Kenya","202","0"
"2023-06-01","Greece","198","16"
"2023-06-01","Finland","198","18"
"2023-06-01","Hungary","191","12"
"2023-06-01","Ukraine","176","40"
"2023-06-01","China","175","5"
"2023-06-01","Indonesia","167","14"
"2023-06-01","Japan","167","8"
"2023-06-01","Vietnam","164","14"
"2023-06-01","Luxembourg","164","2"
"2023-06-01","Pakistan","149","17"
"2023-06-01","Lithuania","148","13"
"2023-06-01","Norway","142","7"
"2023-06-01","Taiwan","140","9"
"2023-06-01","Egypt","139","6"
"2023-06-01","New Zealand","137","6"
"2023-06-01","Uruguay","134","12"
"2023-06-01","Turkey","126","29"
"2023-06-01","Puerto Rico","106","2"
"2023-06-01","Serbia","97","32"
"2023-06-01","Morocco","88","5"
"2023-06-01","Bulgaria","87","20"
"2023-06-01","Qatar","86","2"
"2023-06-01","Slovakia","83","12"
"2023-06-01","Nigeria","80","6"
"2023-06-01","Cyprus","74","6"
"2023-06-01","Malta","67","5"
"2023-06-01","Sri Lanka","62","10"
"2023-06-01","Kuwait","52","1"
"2023-06-01","Tunisia","49","2"
"2023-06-01","Lebanon","48","3"
"2023-06-01","Estonia","46","9"
"2023-06-01","Kazakhstan","45","9"
"2023-06-01","Belarus","43","6"
"2023-06-01","Latvia","37","14"
"2023-06-01","Namibia","36","1"
"2023-06-01","Nepal","32","4"
"2023-06-01","Panama","29","0"
"2023-06-01","Jordan","26","0"
"2023-06-01","Uzbekistan","26","8"
"2023-06-01","Croatia","26","7"
"2023-06-01","Guatemala","26","3"
"2023-06-01","Ecuador","24","3"
"2023-06-01","Bahrain","21","0"
"2023-06-01","Mauritius","20","1"
"2023-06-01","Armenia","20","7"
"2023-06-01","Uganda","20","1"
"2023-06-01","Ghana","19","2"
"2023-06-01","Dominican Republic","19","2"
"2023-06-01","Bangladesh","18","6"
"2023-06-01","Bahamas","17","1"
"2023-06-01","U.S. Virgin Islands","16","0"
"2023-06-01","Slovenia","16","3"
"2023-06-01","Macedonia (FYROM)","15","4"
"2023-06-01","Moldova","15","1"
"2023-06-01","Zambia","13","0"
"2023-06-01","Guam","13","1"
"2023-06-01","Rwanda","12","1"
"2023-06-01","Zimbabwe","12","4"
"2023-06-01","Jamaica","12","2"
"2023-06-01","Réunion","11","0"
"2023-06-01","Oman","10","0"
"2023-06-01","Paraguay","10","3"
"2023-06-01","Venezuela","10","6"
"2023-06-01","Algeria","8","3"
"2023-06-01","El Salvador","8","6"
"2023-06-01","Iraq","8","0"
"2023-06-01","Kyrgyzstan","8","5"
"2023-06-01","Cambodia","7","0"
"2023-06-01","Senegal","7","1"
"2023-06-01","Albania","7","1"
"2023-06-01","Nicaragua","6","0"
"2023-06-01","Trinidad and Tobago","6","0"
"2023-06-01","Ethiopia","6","0"
"2023-06-01","Bolivia","6","5"
"2023-06-01","Bosnia and Herzegovina","5","1"
"2023-06-01","","5","1"
"2023-06-01","Mozambique","5","1"
"2023-06-01","Iceland","4","0"
"2023-06-01","Libya","4","0"
"2023-06-01","Liberia","4","1"
"2023-06-01","Honduras","4","1"
"2023-06-01","Montenegro","4","3"
"2023-06-01","Malawi","3","1"
"2023-06-01","Mongolia","3","0"
"2023-06-01","Congo, Democratic Republic of the","3","1"
"2023-06-01","Côte d'Ivoire","3","0"
"2023-06-01","Guyana","2","1"
"2023-06-01","Angola","2","0"
"2023-06-01","Tanzania","2","0"
"2023-06-01","Myanmar","2","0"
"2023-06-01","Azerbaijan","2","2"
"2023-06-01","Brunei","1","0"
"2023-06-01","Haiti","1","1"
"2023-06-01","Tajikistan","1","1"
"2023-06-01","Cameroon","1","0"
"2023-06-01","Cayman Islands","1","0"
"2023-06-01","Afghanistan","1","0"
"2023-06-01","Laos","1","0"
"2023-06-01","Yemen","1","0"
"2023-06-01","Somalia","1","1"
"2023-06-01","Botswana","1","0"
"2023-07-01","United States","16137","1731"
"2023-07-01","India","4135","448"
"2023-07-01","United Kingdom","3199","275"
"2023-07-01","France","2876","113"
"2023-07-01","Singapore","2106","31"
"2023-07-01","Germany","1958","105"
"2023-07-01","Italy","1834","73"
"2023-07-01","Spain","1772","213"
"2023-07-01","Sudan","1578","299"
"2023-07-01","Netherlands","1391","57"
"2023-07-01","Canada","1380","226"
"2023-07-01","Mexico","1250","169"
"2023-07-01","Poland","1237","153"
"2023-07-01","South Africa","1190","42"
"2023-07-01","Portugal","1106","75"
"2023-07-01","Australia","1059","58"
"2023-07-01","Belgium","996","32"
"2023-07-01","Ireland","980","73"
"2023-07-01","Philippines","935","118"
"2023-07-01","Chile","911","77"
"2023-07-01","Hong Kong","880","11"
"2023-07-01","Argentina","856","111"
"2023-07-01","Costa Rica","842","27"
"2023-07-01","Switzerland","766","29"
"2023-07-01","Denmark","727","16"
"2023-07-01","Malaysia","726","16"
"2023-07-01","United Arab Emirates","707","8"
"2023-07-01","Brazil","676","132"
"2023-07-01","Sweden","670","13"
"2023-07-01","Austria","653","24"
"2023-07-01","Czechia","514","26"
"2023-07-01","Peru","476","75"
"2023-07-01","Colombia","433","17"
"2023-07-01","China","395","3"
"2023-07-01","Israel","371","12"
"2023-07-01","Thailand","366","13"
"2023-07-01","Russia","344","87"
"2023-07-01","Saudi Arabia","279","7"
"2023-07-01","Romania","245","49"
"2023-07-01","Egypt","215","9"
"2023-07-01","Finland","204","16"
"2023-07-01","Japan","200","21"
"2023-07-01","Kenya","198","1"
"2023-07-01","Indonesia","193","16"
"2023-07-01","Hungary","181","21"
"2023-07-01","Pakistan","174","25"
"2023-07-01","Greece","160","12"
"2023-07-01","Panama","143","5"
"2023-07-01","Vietnam","140","14"
"2023-07-01","Luxembourg","132","2"
"2023-07-01","Uruguay","131","9"
"2023-07-01","Qatar","124","2"
"2023-07-01","Lithuania","124","20"
"2023-07-01","Nigeria","123","11"
"2023-07-01","South Korea","122","4"
"2023-07-01","New Zealand","120","11"
"2023-07-01","Morocco","117","3"
"2023-07-01","Taiwan","111","11"
"2023-07-01","Ukraine","109","36"
"2023-07-01","Puerto Rico","99","2"
"2023-07-01","Turkey","96","25"
"2023-07-01","Norway","94","7"
"2023-07-01","Bulgaria","91","21"
"2023-07-01","Serbia","90","19"
"2023-07-01","Kuwait","89","0"
"2023-07-01","Slovakia","84","5"
"2023-07-01","Cyprus","75","8"
"2023-07-01","Estonia","63","9"
"2023-07-01","Kazakhstan","54","13"
"2023-07-01","Sri Lanka","53","10"
"2023-07-01","Jordan","51","0"
"2023-07-01","Tunisia","51","2"
"2023-07-01","Belarus","47","5"
"2023-07-01","Lebanon","46","3"
"2023-07-01","Malta","45","3"
"2023-07-01","Dominican Republic","45","2"
"2023-07-01","Uganda","40","3"
"2023-07-01","Namibia","39","2"
"2023-07-01","Croatia","36","15"
"2023-07-01","Ecuador","34","4"
"2023-07-01","Guatemala","30","4"
"2023-07-01","Uzbekistan","27","5"
"2023-07-01","Guam","26","1"
"2023-07-01","Latvia","26","7"
"2023-07-01","Mauritius","25","0"
"2023-07-01","U.S. Virgin Islands","23","2"
"2023-07-01","Bangladesh","22","5"
"2023-07-01","Bahrain","22","0"
"2023-07-01","Armenia","20","7"
"2023-07-01","Moldova","20","1"
"2023-07-01","Nepal","17","1"
"2023-07-01","Slovenia","17","2"
"2023-07-01","Algeria","16","4"
"2023-07-01","Iraq","16","0"
"2023-07-01","Ghana","15","1"
"2023-07-01","Jamaica","13","2"
"2023-07-01","Oman","12","2"
"2023-07-01","Azerbaijan","10","5"
"2023-07-01","El Salvador","10","2"
"2023-07-01","Zambia","10","0"
"2023-07-01","Zimbabwe","9","2"
"2023-07-01","Venezuela","9","5"
"2023-07-01","Trinidad and Tobago","9","1"
"2023-07-01","Albania","8","2"
"2023-07-01","Senegal","8","1"
"2023-07-01","Ethiopia","7","0"
"2023-07-01","Honduras","7","3"
"2023-07-01","Réunion","6","1"
"2023-07-01","Bolivia","6","3"
"2023-07-01","Liberia","6","1"
"2023-07-01","Macedonia (FYROM)","6","2"
"2023-07-01","Nicaragua","6","2"
"2023-07-01","Rwanda","6","1"
"2023-07-01","Suriname","6","1"
"2023-07-01","Tanzania","6","0"
"2023-07-01","Bahamas","5","0"
"2023-07-01","Montenegro","5","4"
"2023-07-01","Kyrgyzstan","5","5"
"2023-07-01","Libya","5","1"
"2023-07-01","Côte d'Ivoire","5","0"
"2023-07-01","Iceland","4","0"
"2023-07-01","Bosnia and Herzegovina","4","2"
"2023-07-01","Mozambique","3","1"
"2023-07-01","Haiti","3","1"
"2023-07-01","Cambodia","3","1"
"2023-07-01","Botswana","3","0"
"2023-07-01","Congo, Democratic Republic of the","3","0"
"2023-07-01","Brunei","3","1"
"2023-07-01","Afghanistan","2","0"
"2023-07-01","Myanmar","2","0"
"2023-07-01","Cameroon","2","1"
"2023-07-01","","2","0"
"2023-07-01","Palestine","1","0"
"2023-07-01","Mongolia","1","0"
"2023-07-01","Malawi","1","0"
"2023-07-01","Madagascar","1","0"
"2023-07-01","Laos","1","0"
"2023-07-01","Barbados","1","1"
"2023-07-01","Tajikistan","1","0"
"2023-07-01","Curaçao","1","1"
"2023-07-01","Togo","1","0"
"2023-07-01","Djibouti","1","1"
"2023-07-01","Benin","1","1"
"2023-07-01","Angola","1","0"
"2023-07-01","Cayman Islands","1","0"
"2023-07-01","Yemen","1","0"
"2023-07-01","Paraguay","1","1"
"2023-08-01","United States","21078","1593"
"2023-08-01","India","4288","313"
"2023-08-01","France","2764","71"
"2023-08-01","United Kingdom","2712","200"
"2023-08-01","Spain","2351","152"
"2023-08-01","Singapore","2273","27"
"2023-08-01","Sudan","2112","245"
"2023-08-01","Italy","1993","39"
"2023-08-01","Germany","1758","92"
"2023-08-01","South Africa","1664","31"
"2023-08-01","Netherlands","1637","79"
"2023-08-01","Portugal","1631","71"
"2023-08-01","Poland","1509","133"
"2023-08-01","Australia","1417","47"
"2023-08-01","Argentina","1385","88"
"2023-08-01","Mexico","1353","126"
"2023-08-01","Canada","1277","181"
"2023-08-01","Peru","1168","39"
"2023-08-01","Colombia","1113","19"
"2023-08-01","Philippines","1102","74"
"2023-08-01","United Arab Emirates","1057","6"
"2023-08-01","Ireland","1036","89"
"2023-08-01","Belgium","1005","17"
"2023-08-01","Malaysia","942","6"
"2023-08-01","Chile","903","76"
"2023-08-01","Costa Rica","902","16"
"2023-08-01","Sweden","882","19"
"2023-08-01","Switzerland","875","27"
"2023-08-01","Brazil","716","99"
"2023-08-01","Hong Kong","710","8"
"2023-08-01","Austria","696","36"
"2023-08-01","Denmark","683","13"
"2023-08-01","Czechia","626","19"
"2023-08-01","Russia","397","68"
"2023-08-01","Thailand","371","9"
"2023-08-01","Israel","367","22"
"2023-08-01","Egypt","365","4"
"2023-08-01","Saudi Arabia","328","4"
"2023-08-01","Romania","306","42"
"2023-08-01","China","303","3"
"2023-08-01","Finland","263","21"
"2023-08-01","Norway","207","6"
"2023-08-01","Indonesia","201","12"
"2023-08-01","Panama","196","4"
"2023-08-01","Uruguay","189","13"
"2023-08-01","Japan","175","17"
"2023-08-01","Hungary","171","28"
"2023-08-01","Luxembourg","169","2"
"2023-08-01","Pakistan","158","24"
"2023-08-01","Vietnam","157","17"
"2023-08-01","Ukraine","156","28"
"2023-08-01","South Korea","133","2"
"2023-08-01","Morocco","132","5"
"2023-08-01","Lithuania","129","14"
"2023-08-01","Qatar","122","0"
"2023-08-01","Greece","121","28"
"2023-08-01","Puerto Rico","118","6"
"2023-08-01","Taiwan","114","11"
"2023-08-01","New Zealand","113","10"
"2023-08-01","Serbia","112","16"
"2023-08-01","Kuwait","101","0"
"2023-08-01","Kenya","99","0"
"2023-08-01","Slovakia","97","6"
"2023-08-01","Bulgaria","88","14"
"2023-08-01","Cyprus","74","7"
"2023-08-01","Jordan","73","0"
"2023-08-01","Kazakhstan","72","15"
"2023-08-01","Nigeria","70","5"
"2023-08-01","Tunisia","69","6"
"2023-08-01","Turkey","64","16"
"2023-08-01","Bahrain","59","0"
"2023-08-01","Ecuador","57","8"
"2023-08-01","Malta","54","7"
"2023-08-01","Lebanon","45","2"
"2023-08-01","Estonia","44","6"
"2023-08-01","Guam","43","6"
"2023-08-01","Armenia","40","25"
"2023-08-01","U.S. Virgin Islands","38","3"
"2023-08-01","Belarus","38","13"
"2023-08-01","Namibia","37","0"
"2023-08-01","Uganda","37","3"
"2023-08-01","Sri Lanka","34","7"
"2023-08-01","Latvia","34","12"
"2023-08-01","Nepal","31","3"
"2023-08-01","Croatia","31","9"
"2023-08-01","Uzbekistan","31","7"
"2023-08-01","Guatemala","25","2"
"2023-08-01","Oman","24","0"
"2023-08-01","Mauritius","22","0"
"2023-08-01","Bangladesh","21","4"
"2023-08-01","Slovenia","20","3"
"2023-08-01","Moldova","19","2"
"2023-08-01","Dominican Republic","18","3"
"2023-08-01","Kyrgyzstan","17","10"
"2023-08-01","El Salvador","17","6"
"2023-08-01","Albania","12","3"
"2023-08-01","Zambia","12","1"
"2023-08-01","Montenegro","12","5"
"2023-08-01","Iraq","11","0"
"2023-08-01","Algeria","10","1"
"2023-08-01","Macedonia (FYROM)","10","4"
"2023-08-01","Senegal","10","0"
"2023-08-01","Rwanda","9","1"
"2023-08-01","Jamaica","9","2"
"2023-08-01","Bosnia and Herzegovina","8","5"
"2023-08-01","Ghana","8","1"
"2023-08-01","Haiti","8","4"
"2023-08-01","Nicaragua","7","3"
"2023-08-01","Mongolia","7","0"
"2023-08-01","Paraguay","7","2"
"2023-08-01","Libya","7","1"
"2023-08-01","Myanmar","6","0"
"2023-08-01","Honduras","6","5"
"2023-08-01","Azerbaijan","6","3"
"2023-08-01","Réunion","5","0"
"2023-08-01","Venezuela","5","4"
"2023-08-01","Zimbabwe","5","2"
"2023-08-01","","4","3"
"2023-08-01","Cambodia","4","0"
"2023-08-01","Iceland","3","1"
"2023-08-01","Fiji","3","0"
"2023-08-01","Madagascar","2","0"
"2023-08-01","Northern Mariana Islands","2","2"
"2023-08-01","Cameroon","2","1"
"2023-08-01","Trinidad and Tobago","2","1"
"2023-08-01","Benin","2","1"
"2023-08-01","Laos","2","0"
"2023-08-01","Mozambique","2","2"
"2023-08-01","Cayman Islands","2","1"
"2023-08-01","Congo, Democratic Republic of the","2","0"
"2023-08-01","Ethiopia","2","0"
"2023-08-01","Bolivia","2","2"
"2023-08-01","Suriname","2","2"
"2023-08-01","Tanzania","2","1"
"2023-08-01","Liberia","2","0"
"2023-08-01","Togo","2","1"
"2023-08-01","Djibouti","1","1"
"2023-08-01","Tajikistan","1","0"
"2023-08-01","Palestine","1","0"
"2023-08-01","Burkina Faso","1","0"
"2023-08-01","Bahamas","1","1"
"2023-08-01","Barbados","1","0"
"2023-08-01","Côte d'Ivoire","1","0"
"2023-08-01","Botswana","1","0"
"2023-08-01","Mauritania","1","0"
"2023-09-01","United States","16313","2029"
"2023-09-01","United Kingdom","4193","431"
"2023-09-01","India","4129","480"
"2023-09-01","Germany","2596","191"
"2023-09-01","France","2393","129"
"2023-09-01","Spain","2008","228"
"2023-09-01","Netherlands","1684","43"
"2023-09-01","Portugal","1674","61"
"2023-09-01","Sudan","1657","306"
"2023-09-01","Italy","1491","58"
"2023-09-01","Singapore","1297","14"
"2023-09-01","Australia","1221","49"
"2023-09-01","Colombia","1190","17"
"2023-09-01","Mexico","1117","167"
"2023-09-01","Canada","1039","221"
"2023-09-01","Belgium","925","37"
"2023-09-01","Philippines","921","118"
"2023-09-01","South Africa","860","40"
"2023-09-01","Argentina","841","147"
"2023-09-01","Chile","826","89"
"2023-09-01","Poland","761","157"
"2023-09-01","United Arab Emirates","711","13"
"2023-09-01","Brazil","698","137"
"2023-09-01","Ireland","666","63"
"2023-09-01","Peru","638","92"
"2023-09-01","Switzerland","623","19"
"2023-09-01","Austria","621","27"
"2023-09-01","Malaysia","592","11"
"2023-09-01","Costa Rica","513","28"
"2023-09-01","Hong Kong","491","9"
"2023-09-01","Russia","417","104"
"2023-09-01","Puerto Rico","413","9"
"2023-09-01","Sweden","410","24"
"2023-09-01","Denmark","383","22"
"2023-09-01","Thailand","340","10"
"2023-09-01","Saudi Arabia","329","3"
"2023-09-01","Romania","290","56"
"2023-09-01","Israel","257","15"
"2023-09-01","Egypt","256","21"
"2023-09-01","Indonesia","217","18"
"2023-09-01","China","209","1"
"2023-09-01","Czechia","207","20"
"2023-09-01","Panama","200","5"
"2023-09-01","Pakistan","185","23"
"2023-09-01","Uruguay","183","7"
"2023-09-01","Vietnam","144","11"
"2023-09-01","Ukraine","140","31"
"2023-09-01","Japan","139","14"
"2023-09-01","Hungary","132","20"
"2023-09-01","Greece","130","15"
"2023-09-01","Dominican Republic","127","3"
"2023-09-01","Luxembourg","125","5"
"2023-09-01","South Korea","120","3"
"2023-09-01","New Zealand","118","11"
"2023-09-01","Qatar","117","3"
"2023-09-01","Nigeria","116","20"
"2023-09-01","Taiwan","114","6"
"2023-09-01","Finland","112","8"
"2023-09-01","Turkey","109","35"
"2023-09-01","Norway","99","10"
"2023-09-01","Morocco","90","12"
"2023-09-01","Ecuador","90","3"
"2023-09-01","Jordan","87","0"
"2023-09-01","Kuwait","86","1"
"2023-09-01","Bulgaria","84","31"
"2023-09-01","Lithuania","83","11"
"2023-09-01","Serbia","67","15"
"2023-09-01","Kenya","67","2"
"2023-09-01","Slovakia","62","11"
"2023-09-01","Sri Lanka","56","8"
"2023-09-01","Cyprus","46","7"
"2023-09-01","Malta","37","2"
"2023-09-01","Tunisia","37","5"
"2023-09-01","Kazakhstan","34","4"
"2023-09-01","Namibia","34","1"
"2023-09-01","Belarus","31","8"
"2023-09-01","Estonia","30","5"
"2023-09-01","Croatia","28","6"
"2023-09-01","Bahrain","27","0"
"2023-09-01","Lebanon","26","4"
"2023-09-01","Guatemala","26","9"
"2023-09-01","Moldova","26","2"
"2023-09-01","El Salvador","25","5"
"2023-09-01","Nepal","23","1"
"2023-09-01","Bangladesh","21","6"
"2023-09-01","Uzbekistan","21","4"
"2023-09-01","Mauritius","20","0"
"2023-09-01","U.S. Virgin Islands","20","4"
"2023-09-01","Bolivia","20","2"
"2023-09-01","Latvia","18","4"
"2023-09-01","Jamaica","18","2"
"2023-09-01","Armenia","17","9"
"2023-09-01","Uganda","16","2"
"2023-09-01","Guam","15","1"
"2023-09-01","Ghana","12","1"
"2023-09-01","Slovenia","11","2"
"2023-09-01","Albania","11","3"
"2023-09-01","Kyrgyzstan","9","2"
"2023-09-01","Libya","9","0"
"2023-09-01","Cambodia","8","1"
"2023-09-01","Myanmar","8","0"
"2023-09-01","Nicaragua","7","3"
"2023-09-01","Honduras","7","4"
"2023-09-01","Macedonia (FYROM)","7","2"
"2023-09-01","Oman","6","0"
"2023-09-01","Ethiopia","6","0"
"2023-09-01","Algeria","6","1"
"2023-09-01","Liberia","5","1"
"2023-09-01","Iraq","5","0"
"2023-09-01","Cameroon","5","1"
"2023-09-01","Rwanda","5","3"
"2023-09-01","Azerbaijan","5","1"
"2023-09-01","Paraguay","5","1"
"2023-09-01","","4","3"
"2023-09-01","Mozambique","4","3"
"2023-09-01","Iceland","4","0"
"2023-09-01","Bosnia and Herzegovina","4","2"
"2023-09-01","Zimbabwe","4","0"
"2023-09-01","Djibouti","4","0"
"2023-09-01","Senegal","3","0"
"2023-09-01","Palestine","3","0"
"2023-09-01","Côte d'Ivoire","3","2"
"2023-09-01","Suriname","3","2"
"2023-09-01","Angola","3","2"
"2023-09-01","Tanzania","3","0"
"2023-09-01","Togo","3","1"
"2023-09-01","Trinidad and Tobago","3","1"
"2023-09-01","Venezuela","3","2"
"2023-09-01","Haiti","3","3"
"2023-09-01","Bahamas","2","1"
"2023-09-01","Malawi","2","0"
"2023-09-01","Montenegro","2","2"
"2023-09-01","Benin","2","0"
"2023-09-01","Congo, Democratic Republic of the","2","1"
"2023-09-01","Mauritania","2","2"
"2023-09-01","Somalia","2","1"
"2023-09-01","Papua New Guinea","2","0"
"2023-09-01","Mongolia","1","0"
"2023-09-01","Maldives","1","1"
"2023-09-01","Réunion","1","1"
"2023-09-01","Cayman Islands","1","0"
"2023-09-01","Yemen","1","0"
"2023-09-01","Zambia","1","0"
"2023-09-01","Curaçao","1","1"
"2023-09-01","Afghanistan","1","0"
"2023-09-01","Bhutan","1","0"
"2023-09-01","Burkina Faso","1","0"
"2023-09-01","Guyana","1","0"
"2023-10-01","United States","17039","2331"
"2023-10-01","United Kingdom","4675","565"
"2023-10-01","India","3920","651"
"2023-10-01","Germany","3131","159"
"2023-10-01","France","2758","180"
"2023-10-01","Spain","2419","245"
"2023-10-01","Netherlands","2140","48"
"2023-10-01","Sudan","1743","371"
"2023-10-01","Australia","1480","79"
"2023-10-01","Mexico","1406","201"
"2023-10-01","Italy","1316","77"
"2023-10-01","Canada","1241","257"
"2023-10-01","Singapore","1228","21"
"2023-10-01","Argentina","1132","106"
"2023-10-01","Peru","1103","81"
"2023-10-01","Belgium","1077","38"
"2023-10-01","Portugal","1054","76"
"2023-10-01","Austria","1046","26"
"2023-10-01","Poland","949","178"
"2023-10-01","Colombia","949","9"
"2023-10-01","Chile","938","84"
"2023-10-01","Philippines","917","118"
"2023-10-01","United Arab Emirates","898","21"
"2023-10-01","South Africa","706","61"
"2023-10-01","Ireland","667","85"
"2023-10-01","Costa Rica","662","26"
"2023-10-01","Brazil","605","199"
"2023-10-01","Malaysia","594","16"
"2023-10-01","Hong Kong","446","5"
"2023-10-01","Switzerland","433","32"
"2023-10-01","Sweden","414","41"
"2023-10-01","Romania","395","90"
"2023-10-01","Thailand","391","14"
"2023-10-01","Denmark","367","38"
"2023-10-01","Russia","340","98"
"2023-10-01","Indonesia","336","12"
"2023-10-01","New Zealand","332","8"
"2023-10-01","Vietnam","308","12"
"2023-10-01","Egypt","304","17"
"2023-10-01","Saudi Arabia","243","4"
"2023-10-01","Israel","223","11"
"2023-10-01","Czechia","222","21"
"2023-10-01","Pakistan","209","31"
"2023-10-01","Luxembourg","199","9"
"2023-10-01","Puerto Rico","194","4"
"2023-10-01","Qatar","175","8"
"2023-10-01","Uruguay","162","7"
"2023-10-01","Greece","150","14"
"2023-10-01","Hungary","150","24"
"2023-10-01","Ukraine","150","58"
"2023-10-01","Japan","140","9"
"2023-10-01","Finland","126","19"
"2023-10-01","Panama","119","9"
"2023-10-01","South Korea","116","6"
"2023-10-01","Norway","115","15"
"2023-10-01","China","104","9"
"2023-10-01","Taiwan","103","10"
"2023-10-01","Turkey","97","36"
"2023-10-01","Dominican Republic","91","6"
"2023-10-01","Kuwait","88","13"
"2023-10-01","Bulgaria","85","24"
"2023-10-01","Lithuania","85","12"
"2023-10-01","Jordan","84","0"
"2023-10-01","Sri Lanka","80","16"
"2023-10-01","Ecuador","75","8"
"2023-10-01","Morocco","72","4"
"2023-10-01","Nigeria","64","12"
"2023-10-01","Serbia","63","21"
"2023-10-01","Cyprus","59","11"
"2023-10-01","Kenya","58","0"
"2023-10-01","Malta","50","6"
"2023-10-01","Slovakia","47","8"
"2023-10-01","Belarus","43","7"
"2023-10-01","Estonia","42","16"
"2023-10-01","Tunisia","40","4"
"2023-10-01","Kazakhstan","39","10"
"2023-10-01","Bahrain","38","1"
"2023-10-01","Bangladesh","32","12"
"2023-10-01","Lebanon","29","5"
"2023-10-01","Croatia","27","9"
"2023-10-01","Uzbekistan","26","5"
"2023-10-01","Latvia","24","9"
"2023-10-01","Moldova","22","3"
"2023-10-01","Armenia","21","8"
"2023-10-01","Guam","19","1"
"2023-10-01","Guatemala","17","1"
"2023-10-01","Nepal","16","1"
"2023-10-01","Ghana","16","4"
"2023-10-01","Mauritius","14","0"
"2023-10-01","Slovenia","13","2"
"2023-10-01","El Salvador","11","4"
"2023-10-01","Zambia","11","1"
"2023-10-01","Jamaica","11","0"
"2023-10-01","Uganda","11","1"
"2023-10-01","Venezuela","11","6"
"2023-10-01","U.S. Virgin Islands","10","2"
"2023-10-01","Iraq","10","0"
"2023-10-01","Albania","9","1"
"2023-10-01","Ethiopia","9","2"
"2023-10-01","Kyrgyzstan","8","3"
"2023-10-01","Oman","8","0"
"2023-10-01","Cambodia","8","0"
"2023-10-01","Honduras","8","4"
"2023-10-01","Nicaragua","7","1"
"2023-10-01","Senegal","7","2"
"2023-10-01","Namibia","7","2"
"2023-10-01","Liberia","6","3"
"2023-10-01","Trinidad and Tobago","6","0"
"2023-10-01","","5","2"
"2023-10-01","Brunei","5","2"
"2023-10-01","Algeria","5","1"
"2023-10-01","Macedonia (FYROM)","5","1"
"2023-10-01","Myanmar","5","0"
"2023-10-01","Somalia","5","0"
"2023-10-01","Zimbabwe","5","1"
"2023-10-01","Bosnia and Herzegovina","4","1"
"2023-10-01","Iceland","4","0"
"2023-10-01","Benin","4","1"
"2023-10-01","Paraguay","4","1"
"2023-10-01","Rwanda","3","0"
"2023-10-01","Mongolia","3","1"
"2023-10-01","Tanzania","3","0"
"2023-10-01","Azerbaijan","3","1"
"2023-10-01","Haiti","3","1"
"2023-10-01","Bolivia","3","1"
"2023-10-01","Burkina Faso","3","0"
"2023-10-01","Côte d'Ivoire","3","0"
"2023-10-01","Congo, Democratic Republic of the","3","3"
"2023-10-01","Cayman Islands","3","0"
"2023-10-01","Afghanistan","2","0"
"2023-10-01","Guyana","2","0"
"2023-10-01","Barbados","2","0"
"2023-10-01","Suriname","2","2"
"2023-10-01","Yemen","2","1"
"2023-10-01","Cameroon","2","2"
"2023-10-01","Montenegro","2","0"
"2023-10-01","Malawi","1","1"
"2023-10-01","Madagascar","1","0"
"2023-10-01","Lesotho","1","1"
"2023-10-01","Guinea","1","1"
"2023-10-01","Gambia","1","1"
"2023-10-01","Bahamas","1","0"
"2023-10-01","Fiji","1","0"
"2023-10-01","Angola","1","0"
"2023-10-01","Togo","1","0"
"2023-10-01","Djibouti","1","0"
"2023-10-01","Réunion","1","0"
"2023-10-01","Palestine","1","0"
"2023-10-01","Mauritania","1","1"
"2023-11-01","United States","14716","1862"
"2023-11-01","India","5314","544"
"2023-11-01","United Kingdom","3974","491"
"2023-11-01","France","2988","97"
"2023-11-01","Germany","2856","144"
"2023-11-01","Spain","2355","244"
"2023-11-01","Singapore","1919","20"
"2023-11-01","Netherlands","1914","63"
"2023-11-01","Mexico","1664","202"
"2023-11-01","Italy","1553","66"
"2023-11-01","Sudan","1480","307"
"2023-11-01","Australia","1185","54"
"2023-11-01","Canada","1098","209"
"2023-11-01","Peru","1048","114"
"2023-11-01","Austria","999","17"
"2023-11-01","Argentina","931","179"
"2023-11-01","Portugal","920","82"
"2023-11-01","Belgium","914","29"
"2023-11-01","Philippines","912","119"
"2023-11-01","Poland","823","177"
"2023-11-01","Malaysia","792","15"
"2023-11-01","Colombia","731","6"
"2023-11-01","Costa Rica","693","31"
"2023-11-01","Chile","640","109"
"2023-11-01","Egypt","614","14"
"2023-11-01","Brazil","588","144"
"2023-11-01","New Zealand","575","6"
"2023-11-01","Ireland","560","70"
"2023-11-01","United Arab Emirates","559","15"
"2023-11-01","South Africa","542","36"
"2023-11-01","Switzerland","541","35"
"2023-11-01","Thailand","531","10"
"2023-11-01","Indonesia","522","18"
"2023-11-01","Vietnam","513","14"
"2023-11-01","Sweden","489","39"
"2023-11-01","Hong Kong","446","9"
"2023-11-01","Denmark","366","37"
"2023-11-01","Israel","315","17"
"2023-11-01","Russia","309","88"
"2023-11-01","Luxembourg","295","6"
"2023-11-01","Saudi Arabia","269","13"
"2023-11-01","Romania","217","81"
"2023-11-01","Czechia","212","27"
"2023-11-01","Pakistan","187","34"
"2023-11-01","Ukraine","161","45"
"2023-11-01","Japan","146","15"
"2023-11-01","Qatar","139","5"
"2023-11-01","Uruguay","138","3"
"2023-11-01","Greece","134","14"
"2023-11-01","Turkey","130","30"
"2023-11-01","Norway","129","12"
"2023-11-01","Panama","115","6"
"2023-11-01","Hungary","113","12"
"2023-11-01","Finland","113","15"
"2023-11-01","Taiwan","106","9"
"2023-11-01","Bulgaria","102","32"
"2023-11-01","South Korea","102","1"
"2023-11-01","Puerto Rico","94","5"
"2023-11-01","China","90","7"
"2023-11-01","Slovakia","83","21"
"2023-11-01","Lithuania","82","16"
"2023-11-01","Morocco","78","6"
"2023-11-01","Serbia","72","21"
"2023-11-01","Jordan","66","1"
"2023-11-01","Nigeria","63","7"
"2023-11-01","Kuwait","58","5"
"2023-11-01","Kenya","55","5"
"2023-11-01","Tunisia","51","2"
"2023-11-01","Ecuador","49","3"
"2023-11-01","Sri Lanka","47","8"
"2023-11-01","Cyprus","44","5"
"2023-11-01","Estonia","42","7"
"2023-11-01","Belarus","42","8"
"2023-11-01","Malta","36","6"
"2023-11-01","Bahrain","34","2"
"2023-11-01","Croatia","33","7"
"2023-11-01","Lebanon","33","6"
"2023-11-01","Kazakhstan","33","10"
"2023-11-01","Bangladesh","32","6"
"2023-11-01","Latvia","31","2"
"2023-11-01","Dominican Republic","29","2"
"2023-11-01","Guam","25","1"
"2023-11-01","Moldova","23","1"
"2023-11-01","Nepal","23","3"
"2023-11-01","Mauritius","18","0"
"2023-11-01","Armenia","17","12"
"2023-11-01","Uzbekistan","17","2"
"2023-11-01","Uganda","17","4"
"2023-11-01","Jamaica","15","0"
"2023-11-01","Guatemala","14","6"
"2023-11-01","Slovenia","13","3"
"2023-11-01","Macedonia (FYROM)","13","0"
"2023-11-01","U.S. Virgin Islands","12","1"
"2023-11-01","Oman","12","1"
"2023-11-01","Albania","11","0"
"2023-11-01","Azerbaijan","10","2"
"2023-11-01","","9","5"
"2023-11-01","El Salvador","9","5"
"2023-11-01","Nicaragua","9","1"
"2023-11-01","Ghana","9","2"
"2023-11-01","Algeria","9","2"
"2023-11-01","Venezuela","8","7"
"2023-11-01","Zimbabwe","8","0"
"2023-11-01","Myanmar","7","1"
"2023-11-01","Senegal","7","0"
"2023-11-01","Ethiopia","7","0"
"2023-11-01","Rwanda","6","2"
"2023-11-01","Barbados","5","0"
"2023-11-01","Botswana","5","1"
"2023-11-01","Namibia","5","2"
"2023-11-01","Tanzania","5","1"
"2023-11-01","Kyrgyzstan","4","1"
"2023-11-01","Mongolia","4","0"
"2023-11-01","Honduras","4","2"
"2023-11-01","Côte d'Ivoire","4","1"
"2023-11-01","Iceland","4","0"
"2023-11-01","Liberia","4","2"
"2023-11-01","Zambia","4","0"
"2023-11-01","Paraguay","3","1"
"2023-11-01","Bolivia","3","2"
"2023-11-01","Trinidad and Tobago","3","1"
"2023-11-01","Iraq","3","0"
"2023-11-01","Réunion","3","0"
"2023-11-01","Bahamas","3","1"
"2023-11-01","Cambodia","3","0"
"2023-11-01","Bosnia and Herzegovina","3","0"
"2023-11-01","Benin","2","0"
"2023-11-01","Suriname","2","1"
"2023-11-01","Cayman Islands","2","0"
"2023-11-01","Congo, Democratic Republic of the","2","0"
"2023-11-01","Montenegro","2","1"
"2023-11-01","Fiji","2","0"
"2023-11-01","Mozambique","2","2"
"2023-11-01","Haiti","2","2"
"2023-11-01","Gambia","2","2"
"2023-11-01","Palestine","1","0"
"2023-11-01","Mauritania","1","1"
"2023-11-01","Lesotho","1","1"
"2023-11-01","Burkina Faso","1","0"
"2023-11-01","Guinea","1","0"
"2023-11-01","Cameroon","1","0"
"2023-11-01","Malawi","1","0"
"2023-11-01","Togo","1","0"
"2023-11-01","Northern Mariana Islands","1","0"
"2023-11-01","Somalia","1","1"
"2023-11-01","Libya","1","0"
"2023-11-01","Mali","1","1"
"2023-12-01","United States","13048","1963"
"2023-12-01","India","4310","448"
"2023-12-01","United Kingdom","3300","336"
"2023-12-01","Singapore","3190","18"
"2023-12-01","Germany","2726","115"
"2023-12-01","Spain","2503","156"
"2023-12-01","France","2378","72"
"2023-12-01","Mexico","1836","167"
"2023-12-01","Netherlands","1401","36"
"2023-12-01","Italy","1313","46"
"2023-12-01","Sudan","1310","311"
"2023-12-01","Canada","1251","196"
"2023-12-01","Austria","784","21"
"2023-12-01","Poland","777","130"
"2023-12-01","Portugal","756","54"
"2023-12-01","Belgium","744","13"
"2023-12-01","Colombia","720","10"
"2023-12-01","Chile","700","87"
"2023-12-01","Philippines","661","86"
"2023-12-01","Malaysia","650","6"
"2023-12-01","Australia","597","57"
"2023-12-01","Argentina","554","136"
"2023-12-01","Peru","522","99"
"2023-12-01","United Arab Emirates","507","12"
"2023-12-01","Brazil","490","139"
"2023-12-01","Costa Rica","478","29"
"2023-12-01","Switzerland","450","42"
"2023-12-01","Ireland","429","53"
"2023-12-01","Thailand","381","5"
"2023-12-01","Sweden","350","31"
"2023-12-01","South Africa","348","17"
"2023-12-01","Indonesia","328","10"
"2023-12-01","New Zealand","317","6"
"2023-12-01","Denmark","314","81"
"2023-12-01","Hong Kong","314","1"
"2023-12-01","Israel","306","11"
"2023-12-01","Saudi Arabia","286","11"
"2023-12-01","Egypt","285","15"
"2023-12-01","Russia","243","72"
"2023-12-01","Czechia","227","16"
"2023-12-01","Luxembourg","226","5"
"2023-12-01","Vietnam","219","9"
"2023-12-01","Pakistan","165","28"
"2023-12-01","Qatar","163","2"
"2023-12-01","Ukraine","154","43"
"2023-12-01","Japan","149","20"
"2023-12-01","Romania","146","53"
"2023-12-01","Uruguay","124","6"
"2023-12-01","Greece","115","15"
"2023-12-01","Turkey","115","30"
"2023-12-01","Finland","110","5"
"2023-12-01","Taiwan","110","9"
"2023-12-01","Panama","104","3"
"2023-12-01","South Korea","102","1"
"2023-12-01","Hungary","99","14"
"2023-12-01","China","98","4"
"2023-12-01","Puerto Rico","85","3"
"2023-12-01","Jordan","79","0"
"2023-12-01","Norway","78","5"
"2023-12-01","Kenya","77","1"
"2023-12-01","Bulgaria","64","17"
"2023-12-01","Lithuania","63","10"
"2023-12-01","Serbia","61","11"
"2023-12-01","Tunisia","59","3"
"2023-12-01","Ecuador","54","11"
"2023-12-01","Slovakia","53","6"
"2023-12-01","Morocco","52","5"
"2023-12-01","Cyprus","50","14"
"2023-12-01","Kazakhstan","46","10"
"2023-12-01","Sri Lanka","43","7"
"2023-12-01","Kuwait","40","2"
"2023-12-01","Nigeria","38","12"
"2023-12-01","Dominican Republic","38","2"
"2023-12-01","Bahrain","35","0"
"2023-12-01","Belarus","34","6"
"2023-12-01","Estonia","34","4"
"2023-12-01","Malta","31","2"
"2023-12-01","Lebanon","23","3"
"2023-12-01","Bangladesh","19","3"
"2023-12-01","Nepal","18","0"
"2023-12-01","Latvia","17","6"
"2023-12-01","Croatia","17","2"
"2023-12-01","Guatemala","17","8"
"2023-12-01","Uzbekistan","16","5"
"2023-12-01","Mauritius","16","1"
"2023-12-01","Guam","15","0"
"2023-12-01","U.S. Virgin Islands","14","2"
"2023-12-01","Armenia","11","7"
"2023-12-01","Jamaica","11","0"
"2023-12-01","Nicaragua","11","3"
"2023-12-01","Uganda","11","1"
"2023-12-01","Iraq","9","0"
"2023-12-01","Slovenia","9","1"
"2023-12-01","Moldova","9","1"
"2023-12-01","Ghana","9","1"
"2023-12-01","Macedonia (FYROM)","9","0"
"2023-12-01","Namibia","8","3"
"2023-12-01","El Salvador","8","2"
"2023-12-01","Tanzania","7","0"
"2023-12-01","Oman","6","0"
"2023-12-01","Zambia","6","0"
"2023-12-01","Honduras","6","2"
"2023-12-01","Kyrgyzstan","6","2"
"2023-12-01","Azerbaijan","5","0"
"2023-12-01","Albania","5","1"
"2023-12-01","Trinidad and Tobago","5","0"
"2023-12-01","Paraguay","5","3"
"2023-12-01","Cambodia","5","0"
"2023-12-01","Botswana","5","0"
"2023-12-01","Rwanda","4","0"
"2023-12-01","Myanmar","4","0"
"2023-12-01","Mongolia","3","0"
"2023-12-01","Ethiopia","3","0"
"2023-12-01","Guinea","3","3"
"2023-12-01","Côte d'Ivoire","3","1"
"2023-12-01","Senegal","3","0"
"2023-12-01","Madagascar","2","1"
"2023-12-01","Haiti","2","2"
"2023-12-01","Bahamas","2","0"
"2023-12-01","Bolivia","2","0"
"2023-12-01","Bosnia and Herzegovina","2","1"
"2023-12-01","Lesotho","2","2"
"2023-12-01","Algeria","2","0"
"2023-12-01","","2","2"
"2023-12-01","Malawi","2","1"
"2023-12-01","Mali","2","1"
"2023-12-01","Montenegro","2","2"
"2023-12-01","Venezuela","2","0"
"2023-12-01","Yemen","2","0"
"2023-12-01","Liberia","1","0"
"2023-12-01","Libya","1","0"
"2023-12-01","Fiji","1","0"
"2023-12-01","Burkina Faso","1","1"
"2023-12-01","Afghanistan","1","0"
"2023-12-01","Mozambique","1","0"
"2023-12-01","Congo, Democratic Republic of the","1","1"
"2023-12-01","Suriname","1","1"
"2023-12-01","Somalia","1","0"
"2023-12-01","Brunei","1","1"
"2023-12-01","Barbados","1","0"
"2023-12-01","Palestine","1","0"
"2023-12-01","Angola","1","0"
